DATE,Unemployment (#11),Inflation (CPI URBAN Monthly Percent Change),Industrial Production Yearly Percent Change,SP500PreviousMonth,Credit Spread (BAA minus 10-year Treasury),Term Structure (10-year minus 3-month),SP500Return
1953-04-01,0.027,-0.0078740,0.11985184,-0.023552085,0.0082,0.0064,-0.026492684
1953-05-01,0.025,-0.0158730,0.13471081,-0.026492684,0.0073,0.0089,-0.003249391
1953-06-01,0.025,0.0000000,0.14003741,-0.003249391,0.0075,0.01,-0.016299999
1953-07-01,0.026,0.0161290,0.16828723,-0.016299999,0.0093,0.0089,0.025269305
1953-08-01,0.027,0.0000000,0.10051092,0.025269305,0.0090,0.0091,-0.057777778
1953-09-01,0.029,0.0079365,0.04419975,-0.057777778,0.0101,0.0108,0.001286449
1953-10-01,0.031,0.0078740,0.02563900,0.001286449,0.0116,0.0128,0.05096364
1953-11-01,0.035,0.0000000,-0.01855857,0.05096364,0.0107,0.0124,0.008964914
1953-12-01,0.045,-0.0078125,-0.04899867,0.008964914,0.0115,0.0099,0.002019346
1954-01-01,0.049,0.0078740,-0.05922334,0.002019346,0.0123,0.013,0.051189079
1954-02-01,0.052,0.0000000,-0.06184669,0.051189079,0.0114,0.015,0.002684049
1954-03-01,0.057,0.0000000,-0.07613129,0.002684049,0.0114,0.0134,0.030210363
1954-04-01,0.059,-0.0156250,-0.08626285,0.030210363,0.0118,0.0132,0.048997734
1954-05-01,0.059,-0.0238095,-0.08576918,0.048997734,0.0110,0.0161,0.03290874
1954-06-01,0.056,0.0000000,-0.07866860,0.03290874,0.0111,0.0174,0.000685098
1954-07-01,0.058,0.0000000,-0.08948322,0.000685098,0.0120,0.0158,0.057172203
1954-08-01,0.060,0.0081301,-0.08551953,0.057172203,0.0113,0.0144,-0.034002559
1954-09-01,0.061,0.0080645,-0.06333187,-0.034002559,0.0109,0.0137,0.083137814
1954-10-01,0.057,0.0080000,-0.04311138,0.083137814,0.0103,0.0145,-0.019498638
1954-11-01,0.053,0.0000000,-0.00288679,-0.019498638,0.0097,0.0155,0.080808144
1954-12-01,0.050,0.0158730,0.03483544,0.080808144,0.0094,0.0136,0.050817696
1955-01-01,0.049,0.0000000,0.06481925,0.050817696,0.0084,0.0139,0.01806562
1955-02-01,0.047,0.0000000,0.07431920,0.01806562,0.0082,0.0148,0.003548922
1955-03-01,0.046,0.0000000,0.10342051,0.003548922,0.0080,0.014,-0.004896518
1955-04-01,0.047,0.0000000,0.12144885,-0.004896518,0.0074,0.0116,0.037725449
1955-05-01,0.043,-0.0234375,0.13129015,0.037725449,0.0074,0.0131,-0.00131715
1955-06-01,0.042,0.0000000,0.12961711,-0.00131715,0.0073,0.0137,0.082300158
1955-07-01,0.040,0.0000000,0.13594436,0.082300158,0.0062,0.013,0.060687328
1955-08-01,0.042,0.0080000,0.13613354,0.060687328,0.0059,0.0107,-0.0078125
1955-09-01,0.041,0.0079365,0.14111573,-0.0078125,0.0062,0.009,0.0113478
1955-10-01,0.043,0.0157480,0.14593584,0.0113478,0.0071,0.0065,-0.030455646
1955-11-01,0.042,0.0000000,0.13244865,-0.030455646,0.0069,0.0065,0.074870052
1955-12-01,0.042,0.0077519,0.12331454,0.074870052,0.0066,0.0042,-0.000659152
1956-01-01,0.040,0.0153846,0.10703270,-0.000659152,0.0070,0.0049,-0.03649956
1956-02-01,0.039,0.0000000,0.08574720,-0.03649956,0.0074,0.0052,0.034687357
1956-03-01,0.042,0.0075758,0.06259988,0.034687357,0.0064,0.0071,0.069254521
1956-04-01,0.040,-0.0075188,0.05811995,0.069254521,0.0050,0.0058,-0.002062686
1956-05-01,0.043,-0.0151515,0.03346488,-0.002062686,0.0066,0.0046,-0.065729639
1956-06-01,0.043,0.0076923,0.02325844,-0.065729639,0.0076,0.0051,0.039159291
1956-07-01,0.044,0.0000000,-0.01569082,0.039159291,0.0069,0.008,0.051522205
1956-08-01,0.041,0.0076336,0.02564006,0.051522205,0.0060,0.0073,-0.038064407
1956-09-01,0.039,0.0075758,0.04170113,-0.038064407,0.0069,0.0054,-0.045464115
1956-10-01,0.039,0.0150376,0.03369012,-0.045464115,0.0083,0.0044,0.005071753
1956-11-01,0.043,0.0148148,0.02253065,0.005071753,0.0075,0.005,-0.010969723
1956-12-01,0.042,0.0145985,0.03348116,-0.010969723,0.0078,0.0038,0.03527054
1957-01-01,0.042,0.0143885,0.02352787,0.03527054,0.0103,0.0035,-0.041782667
1957-02-01,0.039,0.0070922,0.04208776,-0.041782667,0.0113,0.0024,-0.032647651
1957-03-01,0.037,0.0000000,0.04087458,-0.032647651,0.0102,0.0033,0.019648706
1957-04-01,0.039,-0.0070423,0.01987725,0.019648706,0.0096,0.0041,0.036953094
1957-05-01,0.041,-0.0212766,0.02500350,0.036953094,0.0092,0.0054,0.036947921
1957-06-01,0.043,0.0000000,0.03636830,0.036947921,0.0083,0.0051,-0.001265043
1957-07-01,0.042,0.0000000,0.07363889,-0.001265043,0.0080,0.0077,0.011399641
1957-08-01,0.041,0.0000000,0.03360622,0.011399641,0.0089,0.0056,-0.056146921
1957-09-01,0.044,0.0072464,0.00247285,-0.056146921,0.0101,0.0039,-0.06191957
1957-10-01,0.045,0.0071942,-0.02107622,-0.06191957,0.0102,0.0039,-0.03206028
1957-11-01,0.051,0.0000000,-0.03655172,-0.03206028,0.0137,0.0041,0.016074038
1957-12-01,0.052,0.0071429,-0.07073734,0.016074038,0.0182,0.0017,-0.041466897
1958-01-01,0.058,0.0000000,-0.08556590,-0.041466897,0.0174,0.0065,0.042760663
1958-02-01,0.064,-0.0070922,-0.11687794,0.042760663,0.0161,0.0152,-0.020623525
1958-03-01,0.067,-0.0071429,-0.12800051,-0.020623525,0.0170,0.0168,0.030852057
1958-04-01,0.074,-0.0143885,-0.13125161,0.030852057,0.0179,0.0175,0.031829004
1958-05-01,0.074,-0.0218978,-0.11778638,0.031829004,0.0170,0.0201,0.014963191
1958-06-01,0.073,0.0000000,-0.09420434,0.014963191,0.0158,0.0214,0.026083057
1958-07-01,0.075,0.0074627,-0.08556590,0.026083057,0.0133,0.0229,0.04310338
1958-08-01,0.074,0.0074074,-0.06576271,0.04310338,0.0113,0.0185,0.011866942
1958-09-01,0.071,0.0147059,-0.04804883,0.011866942,0.0111,0.0132,0.048376984
1958-10-01,0.067,0.0000000,-0.02153464,0.048376984,0.0112,0.0117,0.025369576
1958-11-01,0.062,0.0000000,0.03158760,0.025369576,0.0113,0.0107,0.022404012
1958-12-01,0.062,0.0072464,0.05227475,0.022404012,0.0099,0.0109,0.052019798
1959-01-01,0.060,0.0143885,0.08556590,0.052019798,0.0085,0.012,0.004347075
1959-02-01,0.059,0.0070922,0.12652643,0.004347075,0.0093,0.0126,-0.000721389
1959-03-01,0.056,0.0070423,0.15316471,-0.000721389,0.0086,0.0119,0.0005414
1959-04-01,0.052,-0.0139860,0.19093390,0.0005414,0.0074,0.0117,0.038780683
1959-05-01,0.051,-0.0212766,0.19611776,0.038780683,0.0065,0.0147,0.018926897
1959-06-01,0.050,-0.0144928,0.17121019,0.018926897,0.0070,0.0113,-0.003578715
1959-07-01,0.051,0.0000000,0.13219681,-0.003578715,0.0068,0.012,0.034889635
1959-08-01,0.052,0.0000000,0.07792720,0.034889635,0.0066,0.0105,-0.015038837
1959-09-01,0.055,0.0073529,0.06761017,-0.015038837,0.0050,0.0064,-0.045637535
1959-10-01,0.057,0.0072993,0.04872873,-0.045637535,0.0075,0.0048,0.01125174
1959-11-01,0.058,0.0000000,0.02578660,0.01125174,0.0073,0.0038,0.013212778
1959-12-01,0.053,0.0144928,0.08452502,0.013212778,0.0059,0.002,0.027625258
1960-01-01,0.052,0.0142857,0.09564443,0.027625258,0.0062,0.0037,-0.071464319
1960-02-01,0.048,0.0000000,0.06731207,-0.071464319,0.0085,0.0053,0.009170976
1960-03-01,0.054,-0.0140845,0.04398789,0.009170976,0.0100,0.0094,-0.013898771
1960-04-01,0.052,-0.0071429,0.01495125,-0.013898771,0.0092,0.0105,-0.017528027
1960-05-01,0.051,-0.0287770,-0.00114251,-0.017528027,0.0093,0.0106,0.0268531
1960-06-01,0.054,0.0000000,-0.01493407,0.0268531,0.0111,0.0169,0.019523481
1960-07-01,0.055,0.0000000,0.00582570,0.019523481,0.0132,0.016,-0.02477161
1960-08-01,0.056,0.0074074,0.03912968,-0.02477161,0.0128,0.015,0.026121439
1960-09-01,0.055,0.0073529,0.02981670,0.026121439,0.0121,0.0132,-0.060393242
1960-10-01,0.061,0.0145985,0.03593299,-0.060393242,0.0122,0.0159,-0.002429017
1960-11-01,0.061,0.0000000,0.01563455,-0.002429017,0.0115,0.0156,0.040269752
1960-12-01,0.066,0.0000000,-0.06362573,0.040269752,0.0126,0.0159,0.046272956
1961-01-01,0.066,0.0215827,-0.08832536,0.046272956,0.0126,0.016,0.063156048
1961-02-01,0.069,0.0140845,-0.08060452,0.063156048,0.0129,0.0136,0.026869538
1961-03-01,0.069,0.0000000,-0.06551695,0.026869538,0.0128,0.0135,0.025535924
1961-04-01,0.070,-0.0138889,-0.03721520,0.025535924,0.0123,0.0149,0.003842607
1961-05-01,0.071,-0.0211268,-0.02078739,0.003842607,0.0130,0.0142,0.019139489
1961-06-01,0.069,-0.0071942,0.00576774,0.019139489,0.0115,0.0155,-0.02884614
1961-07-01,0.070,0.0000000,0.02069178,-0.02884614,0.0117,0.0168,0.032797077
1961-08-01,0.066,0.0072464,0.03091263,0.032797077,0.0107,0.0165,0.019622498
1961-09-01,0.067,0.0071942,0.04030316,0.019622498,0.0114,0.017,-0.019685574
1961-10-01,0.065,0.0071429,0.06048592,-0.019685574,0.0121,0.0162,0.028323092
1961-11-01,0.061,0.0070922,0.09008876,0.028323092,0.0117,0.0146,0.039347084
1961-12-01,0.060,0.0070423,0.11805195,0.039347084,0.0104,0.0146,0.003224944
1962-01-01,0.058,0.0069930,0.10815114,0.003224944,0.0100,0.0136,-0.037875708
1962-02-01,0.055,0.0000000,0.12559305,-0.037875708,0.0103,0.0131,0.016269655
1962-03-01,0.056,0.0000000,0.12487517,0.016269655,0.0111,0.0121,-0.005860435
1962-04-01,0.056,-0.0138889,0.10666334,-0.005860435,0.0118,0.0111,-0.061969875
1962-05-01,0.055,-0.0211268,0.09031222,-0.061969875,0.0113,0.0118,-0.085990147
1962-06-01,0.055,-0.0071942,0.07427240,-0.085990147,0.0111,0.0118,-0.081838016
1962-07-01,0.054,0.0000000,0.07239957,-0.081838016,0.0104,0.0109,0.063561644
1962-08-01,0.057,0.0072464,0.06439908,0.063561644,0.0108,0.0116,0.015284201
1962-09-01,0.056,0.0143885,0.07184777,0.015284201,0.0105,0.012,-0.04820702
1962-10-01,0.054,0.0070922,0.05389125,-0.04820702,0.0106,0.0119,0.004442865
1962-11-01,0.057,0.0140845,0.04269579,0.004442865,0.0104,0.0109,0.101556936
1962-12-01,0.055,0.0069444,0.03401111,0.101556936,0.0106,0.0099,0.013491809
1963-01-01,0.057,0.0068966,0.04998189,0.013491809,0.0108,0.0092,0.049128353
1963-02-01,0.059,-0.0068493,0.04510534,0.049128353,0.0097,0.01,-0.028851905
1963-03-01,0.057,0.0000000,0.04589023,-0.028851905,0.0095,0.0104,0.035464286
1963-04-01,0.057,0.0000000,0.05288874,0.035464286,0.0090,0.0107,0.0485204
1963-05-01,0.059,-0.0206897,0.06600613,0.0485204,0.0092,0.01,0.014326647
1963-06-01,0.056,0.0000000,0.07112792,0.014326647,0.0085,0.01,-0.020197739
1963-07-01,0.056,0.0000000,0.05757039,-0.020197739,0.0082,0.0084,-0.003459795
1963-08-01,0.054,0.0000000,0.05850540,-0.003459795,0.0083,0.0068,0.04874878
1963-09-01,0.055,0.0140845,0.06210843,0.04874878,0.0076,0.007,-0.011034524
1963-10-01,0.055,0.0069444,0.06794297,-0.011034524,0.0072,0.0066,0.032217644
1963-11-01,0.057,0.0068966,0.06864466,0.032217644,0.0072,0.006,-0.010539103
1963-12-01,0.055,0.0068493,0.06669101,-0.010539103,0.0072,0.0061,0.024443451
1964-01-01,0.056,0.0068027,0.06816293,0.024443451,0.0066,0.0065,0.026926207
1964-02-01,0.054,0.0000000,0.06357557,0.026926207,0.0068,0.0062,0.009865031
1964-03-01,0.054,-0.0067568,0.05744263,0.009865031,0.0061,0.0068,0.015167095
1964-04-01,0.053,-0.0272109,0.06454171,0.015167095,0.0062,0.0076,0.006077437
1964-05-01,0.051,-0.0069930,0.05815399,0.006077437,0.0065,0.0072,0.011452354
1964-06-01,0.052,-0.0070423,0.05798888,0.011452354,0.0068,0.0069,0.016424026
1964-07-01,0.049,-0.0070922,0.06852403,0.016424026,0.0064,0.0073,0.018239662
1964-08-01,0.050,0.0000000,0.07304146,0.018239662,0.0063,0.0069,-0.016229839
1964-09-01,0.051,0.0071429,0.06681602,-0.016229839,0.0062,0.0067,0.028718049
1964-10-01,0.051,0.0141844,0.04598706,0.028718049,0.0062,0.0062,0.00807794
1964-11-01,0.048,0.0069930,0.07152505,0.00807794,0.0066,0.0051,-0.005185046
1964-12-01,0.050,0.0208333,0.08521688,-0.005185046,0.0063,0.0034,0.00390905
1965-01-01,0.049,0.0068027,0.08717291,0.00390905,0.0061,0.0038,0.033156319
1965-02-01,0.051,0.0000000,0.08661016,0.033156319,0.0057,0.0028,-0.001484673
1965-03-01,0.047,0.0000000,0.09976283,-0.001484673,0.0057,0.0028,-0.014525861
1965-04-01,0.048,-0.0135135,0.08787644,-0.014525861,0.0060,0.0027,0.034238589
1965-05-01,0.046,-0.0068493,0.08999010,0.034238589,0.0060,0.0032,-0.007743272
1965-06-01,0.046,-0.0068966,0.09488286,-0.007743272,0.0064,0.0041,-0.048631476
1965-07-01,0.044,-0.0069444,0.09768249,-0.048631476,0.0068,0.0036,0.013433155
1965-08-01,0.044,0.0069930,0.09539445,0.013433155,0.0063,0.0041,0.022521971
1965-09-01,0.043,0.0069444,0.09422138,0.022521971,0.0062,0.0037,0.032006436
1965-10-01,0.042,0.0206897,0.11819883,0.032006436,0.0058,0.0032,0.027345476
1965-11-01,0.041,0.0067568,0.09191877,0.027345476,0.0050,0.0036,-0.008764304
1965-12-01,0.040,0.0134228,0.09253186,-0.008764304,0.0040,0.0024,0.008950977
1966-01-01,0.040,0.0000000,0.09158956,0.008950977,0.0045,0.0002,0.004868517
1966-02-01,0.038,0.0000000,0.09185424,0.004868517,0.0029,0.0018,-0.017872481
1966-03-01,0.038,0.0000000,0.09229422,-0.017872481,0.0045,0.0028,-0.021815369
1966-04-01,0.038,-0.0066225,0.08953797,-0.021815369,0.0066,0.0013,0.020508741
1966-05-01,0.039,0.0000000,0.09123143,0.020508741,0.0070,0.0014,-0.05414014
1966-06-01,0.038,-0.0133333,0.08822051,-0.05414014,0.0077,0.0031,-0.016138384
1966-07-01,0.038,0.0000000,0.08432798,-0.016138384,0.0066,0.0022,-0.013452915
1966-08-01,0.038,0.0000000,0.08088317,-0.013452915,0.0061,0.0026,-0.077751198
1966-09-01,0.037,0.0067568,0.08763882,-0.077751198,0.0091,-0.0019,-0.007003891
1966-10-01,0.037,0.0067114,0.08450924,-0.007003891,0.0109,-0.0034,0.047544398
1966-11-01,0.036,0.0066667,0.07345641,0.047544398,0.0097,-0.0016,0.003117207
1966-12-01,0.038,0.0132450,0.06341257,0.003117207,0.0134,-0.0012,-0.001491548
1967-01-01,0.039,0.0000000,0.05834742,-0.001491548,0.0139,-0.0014,0.078177503
1967-02-01,0.038,0.0065359,0.04047606,0.078177503,0.0119,0.0007,0.001962799
1967-03-01,0.038,0.0000000,0.02123015,0.001962799,0.0131,0.0028,0.03940998
1967-04-01,0.038,0.0000000,0.02903016,0.03940998,0.0124,0.0075,0.042239525
1967-05-01,0.038,0.0000000,0.01079743,0.042239525,0.0111,0.0125,-0.052441229
1967-06-01,0.039,-0.0064935,0.00596768,-0.052441229,0.0113,0.0148,0.017512314
1967-07-01,0.038,0.0130719,-0.00176779,0.017512314,0.0110,0.0095,0.04534423
1967-08-01,0.038,0.0000000,0.01643257,0.04534423,0.0105,0.0101,-0.01171505
1967-09-01,0.038,0.0064516,0.00552780,-0.01171505,0.0110,0.0088,0.032785135
1967-10-01,0.040,0.0000000,0.00673563,0.032785135,0.0104,0.0092,-0.035260015
1967-11-01,0.039,0.0000000,0.02783870,-0.035260015,0.0097,0.0102,0.007502647
1967-12-01,0.038,0.0064103,0.03624471,0.007502647,0.0123,0.0073,0.026276606
1968-01-01,0.037,0.0063694,0.03045959,0.026276606,0.0131,0.0053,-0.043847859
1968-02-01,0.038,0.0000000,0.04544612,-0.043847859,0.0124,0.0058,-0.031222865
1968-03-01,0.037,0.0000000,0.05421352,-0.031222865,0.0111,0.0057,0.009400134
1968-04-01,0.035,0.0000000,0.04627431,0.009400134,0.0133,0.0026,0.08048783
1968-05-01,0.035,0.0126582,0.06618966,0.08048783,0.0116,0.0021,0.012517966
1968-06-01,0.037,0.0000000,0.06998366,0.012517966,0.0135,0.002,0.009120409
1968-07-01,0.037,0.0062500,0.07072771,0.009120409,0.0148,0.0019,-0.018477646
1968-08-01,0.035,0.0000000,0.05453458,-0.018477646,0.0140,0.0033,0.011459004
1968-09-01,0.034,0.0000000,0.05994138,0.011459004,0.0133,0.0027,0.038539318
1968-10-01,0.034,0.0000000,0.05381202,0.038539318,0.0126,0.0023,0.007207617
1968-11-01,0.034,0.0000000,0.05246528,0.007207617,0.0131,0.0025,0.047964402
1968-12-01,0.034,0.0000000,0.04490486,0.047964402,0.0120,0.0007,-0.041616701
1969-01-01,0.034,0.0062112,0.05201573,-0.041616701,0.0128,-0.001,-0.008184084
1969-02-01,0.034,0.0000000,0.05481443,-0.008184084,0.0111,0.0007,-0.047374089
1969-03-01,0.034,0.0061728,0.05951221,-0.047374089,0.0121,0.0028,0.034444157
1969-04-01,0.034,0.0000000,0.05437540,0.034444157,0.0137,0.0006,0.021475716
1969-05-01,0.034,0.0000000,0.03943657,0.021475716,0.0120,0.0028,-0.002218179
1969-06-01,0.035,0.0000000,0.04549035,-0.002218179,0.0113,0.0013,-0.055577035
1969-07-01,0.035,0.0000000,0.05228965,-0.055577035,0.0112,-0.0028,-0.060178048
1969-08-01,0.035,0.0000000,0.05180059,-0.060178048,0.0117,-0.0029,0.040074049
1969-09-01,0.037,0.0061350,0.04779467,0.040074049,0.0089,0.0007,-0.025023547
1969-10-01,0.037,0.0000000,0.04610546,-0.025023547,0.0112,0.001,0.042955325
1969-11-01,0.035,0.0060976,0.02378086,0.042955325,0.0111,-0.001,-0.034081599
1969-12-01,0.035,0.0000000,0.01794128,-0.034081599,0.0100,-0.0017,-0.018654728
1970-01-01,0.039,0.0060606,-0.00678193,-0.018654728,0.0107,-0.0008,-0.076471879
1970-02-01,0.042,0.0060241,-0.01382009,-0.076471879,0.0154,0.0011,0.052693521
1970-03-01,0.044,0.0059880,-0.02293124,0.052693521,0.0156,0.0044,0.00145248
1970-04-01,0.046,0.0000000,-0.02181822,0.00145248,0.0131,0.0088,-0.0904831
1970-05-01,0.048,0.0000000,-0.01919824,-0.0904831,0.0107,0.0107,-0.060966563
1970-06-01,0.049,0.0000000,-0.03216031,-0.060966563,0.0141,0.0116,-0.050032683
1970-07-01,0.050,0.0119048,-0.03497229,-0.050032683,0.0194,0.0101,0.073294856
1970-08-01,0.051,0.0000000,-0.03905207,0.073294856,0.0191,0.0112,0.044458602
1970-09-01,0.054,0.0117647,-0.04574764,0.044458602,0.0200,0.0127,0.034102136
1970-10-01,0.055,0.0116279,-0.06624575,0.034102136,0.0200,0.0142,-0.012455551
1970-11-01,0.059,0.0114943,-0.06284817,-0.012455551,0.0254,0.0156,0.047447411
1970-12-01,0.061,0.0113636,-0.03745605,0.047447411,0.0273,0.0152,0.056766114
1971-01-01,0.059,0.0168539,-0.01110190,0.056766114,0.0250,0.018,0.040477427
1971-02-01,0.059,0.0000000,-0.01235043,0.040477427,0.0228,0.0241,0.009073874
1971-03-01,0.060,0.0055249,-0.01213556,0.009073874,0.0276,0.0232,0.036795845
1971-04-01,0.059,0.0000000,-0.00395924,0.036795845,0.0262,0.0197,0.036287499
1971-05-01,0.059,-0.0054945,0.00226757,0.036287499,0.0223,0.0225,-0.041558443
1971-06-01,0.059,0.0055249,0.00969297,-0.041558443,0.0223,0.0177,-0.009334538
1971-07-01,0.060,0.0000000,0.00433354,-0.009334538,0.0203,0.0133,-0.031610893
1971-08-01,0.061,0.0000000,0.00029671,-0.031610893,0.0218,0.0164,0.036095385
1971-09-01,0.060,0.0000000,0.02333723,0.036095385,0.0245,0.0145,-0.006967616
1971-10-01,0.058,0.0000000,0.05100053,-0.006967616,0.0255,0.0147,-0.041793707
1971-11-01,0.060,0.0054945,0.06130886,-0.041793707,0.0257,0.0159,-0.002547013
1971-12-01,0.060,0.0000000,0.05008337,-0.002547013,0.0245,0.0192,0.086179361
1972-01-01,0.058,0.0054645,0.06617493,0.086179361,0.0228,0.0257,0.018121325
1972-02-01,0.057,0.0000000,0.07756737,0.018121325,0.0215,0.0288,0.02530304
1972-03-01,0.058,0.0000000,0.08572359,0.02530304,0.0217,0.0234,0.005911579
1972-04-01,0.057,0.0000000,0.09066571,0.005911579,0.0205,0.0248,0.004384338
1972-05-01,0.057,0.0000000,0.08501231,0.004384338,0.0210,0.0244,0.017275017
1972-06-01,0.057,-0.0108696,0.08370572,0.017275017,0.0209,0.022,-0.021820506
1972-07-01,0.056,0.0000000,0.08620316,-0.021820506,0.0212,0.0213,0.002333396
1972-08-01,0.056,0.0054945,0.10520727,0.002333396,0.0198,0.0219,0.034453832
1972-09-01,0.055,0.0000000,0.09672864,0.034453832,0.0154,0.0189,-0.004860861
1972-10-01,0.056,0.0000000,0.10245902,-0.004860861,0.0158,0.0174,0.009317042
1972-11-01,0.053,0.0109290,0.10988495,0.009317042,0.0171,0.015,0.045617458
1972-12-01,0.052,0.0000000,0.10987935,0.045617458,0.0157,0.0129,0.011828277
1973-01-01,0.049,0.0108108,0.09257918,0.011828277,0.0144,0.0105,-0.017111427
1973-02-01,0.050,0.0534759,0.09785231,-0.017111427,0.0133,0.0104,-0.037490296
1973-03-01,0.049,0.0050761,0.09126114,-0.037490296,0.0132,0.0062,-0.001432692
1973-04-01,0.050,0.0050505,0.07942544,-0.001432692,0.0142,0.0041,-0.040799822
1973-05-01,0.049,0.0050251,0.08633340,-0.040799822,0.0121,0.0049,-0.018883836
1973-06-01,0.049,0.0200000,0.08417325,-0.018883836,0.0123,-0.0029,-0.006574512
1973-07-01,0.048,0.0000000,0.08870581,-0.006574512,0.0111,-0.0088,0.037981958
1973-08-01,0.048,0.0098039,0.07381369,0.037981958,0.0113,-0.0127,-0.03668454
1973-09-01,0.048,0.0048544,0.07507766,-0.03668454,0.0154,-0.012,0.040095923
1973-10-01,0.046,0.0531401,0.06862605,0.040095923,0.0162,-0.0043,-0.001291146
1973-11-01,0.048,0.1055046,0.06221406,-0.001291146,0.0169,-0.011,-0.113860946
1973-12-01,0.049,0.1120332,0.04839220,-0.113860946,0.0174,-0.0071,0.016569446
1974-01-01,0.051,0.1231343,0.03490477,0.016569446,0.0149,-0.0078,-0.010046161
1974-02-01,0.052,0.0398671,0.01704107,-0.010046161,0.0157,-0.0016,-0.003624304
1974-03-01,0.051,-0.0031949,0.01684481,-0.003624304,0.0141,-0.0075,-0.023279962
1974-04-01,0.051,0.0256410,0.01456440,-0.023279962,0.0136,-0.0082,-0.039050914
1974-05-01,0.051,0.0218750,0.01629929,-0.039050914,0.0147,-0.0065,-0.033551091
1974-06-01,0.054,0.0152905,0.01444600,-0.033551091,0.0173,-0.0036,-0.014665433
1974-07-01,0.055,0.0180723,0.01078936,-0.014665433,0.0167,0.0026,-0.077790721
1974-08-01,0.055,0.0118343,0.00273118,-0.077790721,0.0173,-0.0092,-0.090278605
1974-09-01,0.059,0.0087719,-0.00569834,-0.090278605,0.0214,-0.0002,-0.11933473
1974-10-01,0.060,0.0115942,-0.01615937,-0.11933473,0.0258,0.0044,0.163046913
1974-11-01,0.066,0.0171920,-0.05483909,0.163046913,0.0292,0.0021,-0.053179985
1974-12-01,0.072,-0.0028169,-0.08837196,-0.053179985,0.0320,0.0028,-0.020151536
1975-01-01,0.081,0.0000000,-0.09514239,-0.020151536,0.0331,0.0124,0.122812212
1975-02-01,0.081,0.0028249,-0.11544056,0.122812212,0.0326,0.0189,0.059885591
1975-03-01,0.086,-0.0056338,-0.12644547,0.059885591,0.0275,0.0224,0.021693897
1975-04-01,0.088,0.0056657,-0.12201639,0.021693897,0.0235,0.0262,0.047264899
1975-05-01,0.090,0.0028169,-0.13235615,0.047264899,0.0263,0.0283,0.044100789
1975-06-01,0.088,0.0028090,-0.12473957,0.044100789,0.0276,0.0252,0.044322544
1975-07-01,0.086,0.0140056,-0.11563874,0.044322544,0.0249,0.0193,-0.067654185
1975-08-01,0.084,0.0082873,-0.09552358,-0.067654185,0.0219,0.0196,-0.021070456
1975-09-01,0.084,0.0136986,-0.08375577,-0.021070456,0.0218,0.0201,-0.03464542
1975-10-01,0.084,0.0189189,-0.07549253,-0.03464542,0.0248,0.0218,0.061642993
1975-11-01,0.083,0.0132626,-0.03990579,0.061642993,0.0251,0.0257,0.024707962
1975-12-01,0.082,0.0078534,0.00828038,0.024707962,0.0256,0.0256,-0.011508067
1976-01-01,0.079,0.0000000,0.03660965,-0.011508067,0.0267,0.0287,0.118305785
1976-02-01,0.077,0.0025974,0.06979881,0.118305785,0.0245,0.0291,-0.011401963
1976-03-01,0.076,-0.0077720,0.08145016,-0.011401963,0.0239,0.0273,0.030688978
1976-04-01,0.077,-0.0026110,0.08599648,0.030688978,0.0238,0.027,-0.010995408
1976-05-01,0.074,-0.0026178,0.09318065,-0.010995408,0.0196,0.027,-0.014364414
1976-06-01,0.076,0.0052493,0.08692064,-0.014364414,0.0203,0.0245,0.040926323
1976-07-01,0.078,0.0026110,0.08328471,0.040926323,0.0199,0.026,-0.008055207
1976-08-01,0.078,0.0052083,0.07999173,-0.008055207,0.0187,0.0263,-0.005123724
1976-09-01,0.076,0.0051813,0.07062176,-0.005123724,0.0181,0.0251,0.022641084
1976-10-01,0.077,0.0103093,0.06644211,0.022641084,0.0188,0.0249,-0.022234854
1976-11-01,0.078,0.0178571,0.07897768,-0.022234854,0.0194,0.0254,-0.007774577
1976-12-01,0.078,0.0250627,0.07700624,-0.007774577,0.0225,0.0252,0.052497562
1977-01-01,0.075,0.0293399,0.05695154,0.052497562,0.0187,0.0259,-0.05053043
1977-02-01,0.076,0.0237530,0.06227108,-0.05053043,0.0173,0.0272,-0.021660286
1977-03-01,0.074,0.0116009,0.07370594,-0.021660286,0.0166,0.0286,-0.014025265
1977-04-01,0.072,0.0022936,0.07756438,-0.014025265,0.0170,0.0283,0.000203251
1977-05-01,0.070,0.0022883,0.08107563,0.000203251,0.0155,0.025,-0.023567645
1977-06-01,0.072,0.0000000,0.08806874,-0.023567645,0.0163,0.0226,0.045359965
1977-07-01,0.069,0.0022831,0.08356095,0.045359965,0.0154,0.0214,-0.016222183
1977-08-01,0.070,0.0022779,0.07679524,-0.016222183,0.0142,0.0191,-0.021041993
1977-09-01,0.068,0.0022727,0.07874573,-0.021041993,0.0146,0.0153,-0.002480087
1977-10-01,0.068,0.0090703,0.08024504,-0.002480087,0.0137,0.0136,-0.043406226
1977-11-01,0.068,0.0089888,0.06667926,-0.043406226,0.0137,0.0148,0.026965628
1977-12-01,0.064,0.0066815,0.05792339,0.026965628,0.0130,0.0162,0.002847158
1978-01-01,0.064,0.0110619,0.04954841,0.002847158,0.0121,0.0152,-0.061514176
1978-02-01,0.063,0.0065646,0.03945636,-0.061514176,0.0117,0.0158,-0.024761894
1978-03-01,0.063,0.0000000,0.04592259,-0.024761894,0.0118,0.0175,0.024931043
1978-04-01,0.061,-0.0021739,0.05731920,0.024931043,0.0117,0.0186,0.085416468
1978-05-01,0.060,-0.0021786,0.05240733,0.085416468,0.0114,0.0194,0.004234184
1978-06-01,0.059,-0.0021834,0.05208448,0.004234184,0.0114,0.0173,-0.017585346
1978-07-01,0.062,-0.0021882,0.05020473,-0.017585346,0.0096,0.0163,0.053909778
1978-08-01,0.059,-0.0021930,0.05367870,0.053909778,0.0107,0.0133,0.025923729
1978-09-01,0.060,0.0065934,0.05140181,0.025923729,0.0100,0.0057,-0.007261109
1978-10-01,0.058,0.0152838,0.05748494,-0.007261109,0.0095,0.0065,-0.091574009
1978-11-01,0.059,0.0193548,0.06386468,-0.091574009,0.0102,0.0017,0.016639774
1978-12-01,0.060,0.0189873,0.06771012,0.016639774,0.0093,-0.0007,0.014889166
1979-01-01,0.059,0.0144928,0.07512318,0.014889166,0.0103,-0.0025,0.039746113
1979-02-01,0.059,0.0306122,0.07555667,0.039746113,0.0098,-0.0022,-0.036525578
1979-03-01,0.058,0.0415842,0.05979688,-0.036525578,0.0114,-0.0036,0.05515161
1979-04-01,0.058,0.0304183,0.02781320,0.05515161,0.0115,-0.0028,0.001673452
1979-05-01,0.056,0.0405904,0.03228174,0.001673452,0.0122,-0.0036,-0.026336477
1979-06-01,0.057,0.0744681,0.02535638,-0.026336477,0.0147,-0.0015,0.038655651
1979-07-01,0.057,0.0544554,0.02444979,0.038655651,0.0134,-0.0029,0.008745447
1979-08-01,0.060,0.0625978,0.01401364,0.008745447,0.0132,-0.0049,0.053077758
1979-09-01,0.059,0.0530191,0.01255516,0.053077758,0.0121,-0.0093,0
1979-10-01,0.060,0.0195804,0.01010191,0,0.0110,-0.014,-0.068605928
1979-11-01,0.059,0.0137174,0.00166528,-0.068605928,0.0134,-0.0114,0.042624278
1979-12-01,0.060,0.0230041,-0.00239475,0.042624278,0.0167,-0.0165,0.016767124
1980-01-01,0.063,0.0529101,0.00860857,0.016767124,0.0162,-0.012,0.057624624
1980-02-01,0.063,0.0489950,0.00327215,0.057624624,0.0116,-0.0045,-0.004379818
1980-03-01,0.063,0.0263473,-0.00316029,-0.004379818,0.0170,-0.0245,-0.101794893
1980-04-01,0.069,0.0046674,-0.01250252,-0.101794893,0.0272,-0.0173,0.041140221
1980-05-01,0.075,0.0000000,-0.04507635,0.041140221,0.0299,0.016,0.046570674
1980-06-01,0.076,0.0046458,-0.05756186,0.046570674,0.0293,0.0271,0.026968717
1980-07-01,0.078,0.0034682,-0.06401377,0.026968717,0.0240,0.0219,0.065038517
1980-08-01,0.077,0.0011521,-0.05372526,0.065038517,0.0205,0.0197,0.005835448
1980-09-01,0.075,0.0000000,-0.03876089,0.005835448,0.0219,0.0124,0.025167528
1980-10-01,0.075,-0.0046030,-0.03164024,0.025167528,0.0248,0.0013,0.016021059
1980-11-01,0.075,0.0150289,-0.01354343,0.016021059,0.0196,-0.0105,0.102377053
1980-12-01,0.072,0.0318907,-0.00931075,0.102377053,0.0230,-0.0265,-0.033874245
1981-01-01,0.075,0.0695364,-0.01950220,-0.033874245,0.0246,-0.0245,-0.045742429
1981-02-01,0.074,0.0794634,-0.02432736,-0.045742429,0.0218,-0.016,0.013276735
1981-03-01,0.074,0.0267686,-0.01563871,0.013276735,0.0222,-0.0024,0.036032573
1981-04-01,0.072,-0.0046555,0.00055500,0.036032573,0.0188,-1E-04,-0.023455897
1981-05-01,0.075,-0.0065482,0.03111335,-0.023455897,0.0185,-0.022,-0.001656517
1981-06-01,0.075,-0.0056497,0.04835535,-0.001656517,0.0233,-0.0126,-0.010407942
1981-07-01,0.072,-0.0056818,0.06267938,-0.010407942,0.0189,-0.0067,-0.002210266
1981-08-01,0.074,-0.0057143,0.05896966,-0.002210266,0.0140,-0.0057,-0.06209897
1981-09-01,0.076,-0.0009579,0.03702178,-0.06209897,0.0160,0.0062,-0.053831753
1981-10-01,0.079,-0.0019175,0.01758389,-0.053831753,0.0196,0.0161,0.049147865
1981-11-01,0.083,0.0057637,-0.01103582,0.049147865,0.0300,0.0253,0.03659036
1981-12-01,0.085,0.0095511,-0.02766680,0.03659036,0.0283,0.0287,-0.030075149
1982-01-01,0.086,0.0047304,-0.04206056,-0.030075149,0.0251,0.0231,-0.017543867
1982-02-01,0.089,-0.0037665,-0.01781899,-0.017543867,0.0275,0.0095,-0.06054818
1982-03-01,0.090,-0.0283554,-0.03076112,-0.06054818,0.0296,0.0118,-0.010167112
1982-04-01,0.093,-0.0340467,-0.03519451,-0.010167112,0.0291,0.0117,0.040014318
1982-05-01,0.094,0.0050352,-0.04755221,0.040014318,0.0302,0.0153,-0.039161842
1982-06-01,0.096,0.0190381,-0.05562340,-0.039161842,0.0262,0.0183,-0.020289561
1982-07-01,0.098,0.0049164,-0.06526573,-0.020289561,0.0285,0.026,-0.022990648
1982-08-01,0.098,0.0000000,-0.07393668,-0.022990648,0.0326,0.0438,0.115977276
1982-09-01,0.101,0.0039139,-0.07109409,0.115977276,0.0329,0.0442,0.007614392
1982-10-01,0.104,0.0214425,-0.07329694,0.007614392,0.0382,0.032,0.110446796
1982-11-01,0.108,0.0209924,-0.06573802,0.110446796,0.0375,0.0248,0.03597067
1982-12-01,0.108,-0.0037383,-0.06203994,0.03597067,0.0360,0.026,0.015231358
1983-01-01,0.104,-0.0253283,-0.02277685,0.015231358,0.0348,0.026,0.033134272
1983-02-01,0.104,-0.0250241,-0.04857859,0.033134272,0.0323,0.0261,0.018995148
1983-03-01,0.103,-0.0444225,-0.03284515,0.018995148,0.0310,0.0216,0.033094753
1983-04-01,0.102,-0.0237603,-0.01177961,0.033094753,0.0289,0.0219,0.07498683
1983-05-01,0.101,0.0169312,0.00140318,0.07498683,0.0271,0.0219,-0.012406459
1983-06-01,0.101,-0.0010406,0.01072893,-0.012406459,0.0252,0.0206,0.032329577
1983-07-01,0.094,-0.0010417,0.02891383,0.032329577,0.0201,0.023,-0.030303036
1983-08-01,0.095,-0.0010428,0.04876895,-0.030303036,0.0179,0.0251,0.011318873
1983-09-01,0.092,0.0073069,0.06686416,0.011318873,0.0190,0.0265,0.01015823
1983-10-01,0.088,0.0020725,0.08408904,0.01015823,0.0192,0.029,-0.015174348
1983-11-01,0.085,-0.0010341,0.09159117,-0.015174348,0.0192,0.0293,0.017425808
1983-12-01,0.083,0.0000000,0.10407590,0.017425808,0.0192,0.0283,-0.008834141
1984-01-01,0.080,0.0300207,0.10460680,-0.008834141,0.0198,0.0277,-0.009215965
1984-02-01,0.078,0.0713568,0.11527355,-0.009215965,0.0175,0.0275,-0.038859347
1984-03-01,0.078,-0.0412758,0.11201097,-0.038859347,0.0167,0.028,0.013497995
1984-04-01,0.077,-0.0146771,0.10626790,0.013497995,0.0168,0.0294,0.005465574
1984-05-01,0.074,-0.0019861,0.10404649,0.005465574,0.0133,0.0358,-0.05935645
1984-06-01,0.072,-0.0049751,0.10157395,-0.05935645,0.0149,0.0369,0.017469213
1984-07-01,0.075,-0.0130000,0.08968816,0.017469213,0.0179,0.0324,-0.016451163
1984-08-01,0.075,-0.0192503,0.07949092,-0.016451163,0.0191,0.0225,0.106332063
1984-09-01,0.073,-0.0051653,0.06264005,0.106332063,0.0183,0.0215,-0.003479644
1984-10-01,0.074,0.0072690,0.05281603,-0.003479644,0.0178,0.0242,-6.02649E-05
1984-11-01,0.072,0.0010309,0.05314197,-6.02649E-05,0.0191,0.0296,-0.015112253
1984-12-01,0.073,-0.0020597,0.04918211,-0.015112253,0.0190,0.0344,0.022374391
1985-01-01,0.073,-0.0072239,0.02779813,0.022374391,0.0188,0.0362,0.074085145
1985-02-01,0.072,0.0031185,0.02694875,0.074085145,0.0172,0.0324,0.008628781
1985-03-01,0.072,-0.0041451,0.02364541,0.008628781,0.0183,0.0334,-0.002870013
1985-04-01,0.073,0.0041623,0.01454055,-0.002870013,0.0208,0.0348,-0.004594276
1985-05-01,0.072,-0.0041451,0.01142566,-0.004594276,0.0230,0.0337,0.054051053
1985-06-01,0.074,-0.0145682,0.00859146,0.054051053,0.0224,0.0321,0.012134017
1985-07-01,0.074,-0.0158395,-0.00108822,0.012134017,0.0212,0.0323,-0.004847579
1985-08-01,0.071,-0.0118026,0.00209986,-0.004847579,0.0217,0.0319,-0.011994516
1985-09-01,0.071,0.0119435,0.00817402,-0.011994516,0.0211,0.0327,-0.034724078
1985-10-01,0.071,0.0225322,0.00567362,-0.034724078,0.0212,0.0308,0.042508814
1985-11-01,0.070,0.0419727,0.00510065,0.042508814,0.0221,0.0254,0.065061588
1985-12-01,0.070,0.0251762,0.01439880,0.065061588,0.0232,0.0216,0.045061093
1986-01-01,0.067,-0.0108055,0.02070984,0.045061093,0.0225,0.0212,0.002366528
1986-02-01,0.072,-0.0913605,0.01050281,0.002366528,0.0241,0.0164,0.071489277
1986-03-01,0.072,-0.0699454,0.00209269,0.071489277,0.0272,0.0122,0.052793919
1986-04-01,0.071,-0.0575793,0.00520752,0.052793919,0.0289,0.0124,-0.014148138
1986-05-01,0.072,-0.0411471,0.00588302,-0.014148138,0.0258,0.0156,0.050229288
1986-06-01,0.072,-0.0208062,0.00187091,0.050229288,0.0254,0.0159,0.014109521
1986-07-01,0.070,-0.0557769,0.01392159,0.014109521,0.0286,0.0147,-0.058682831
1986-08-01,0.069,-0.0253165,0.00852307,-0.058682831,0.0301,0.0164,0.071192607
1986-09-01,0.070,0.0129870,0.00625365,0.071192607,0.0275,0.0224,-0.085438606
1986-10-01,0.070,-0.0028490,0.01511598,-0.085438606,0.0281,0.0225,0.05472933
1986-11-01,0.069,0.0000000,0.01638052,0.05472933,0.0282,0.019,0.021477191
1986-12-01,0.066,0.0185714,0.01422552,0.021477191,0.0286,0.0158,-0.028288271
1987-01-01,0.066,0.0589060,0.00654098,-0.028288271,0.0264,0.0165,0.131766896
1987-02-01,0.066,0.0317881,0.02610438,0.131766896,0.0240,0.0166,0.036923619
1987-03-01,0.066,-0.0051348,0.03439888,0.036923619,0.0236,0.0166,0.026389865
1987-04-01,0.063,0.0000000,0.04019229,0.026389865,0.0202,0.0238,-0.011450212
1987-05-01,0.063,-0.0051613,0.04451941,-0.011450212,0.0190,0.0295,0.006034197
1987-06-01,0.062,0.0012970,0.05251892,0.006034197,0.0212,0.0273,0.047914491
1987-07-01,0.061,-0.0012953,0.05390563,0.047914491,0.0216,0.0276,0.048223697
1987-08-01,0.060,0.0090791,0.06345692,0.048223697,0.0204,0.0272,0.03495884
1987-09-01,0.059,-0.0025707,0.06405213,0.03495884,0.0189,0.0302,-0.024166165
1987-10-01,0.060,0.0115979,0.07373424,-0.024166165,0.0210,0.0339,-0.217630416
1987-11-01,0.058,0.0229299,0.07440655,-0.217630416,0.0237,0.0317,-0.085348865
1987-12-01,0.057,0.0024907,0.07085497,-0.085348865,0.0230,0.0322,0.07286148
1988-01-01,0.057,0.0037267,0.07434159,0.07286148,0.0240,0.0286,0.040432269
1988-02-01,0.057,0.0012376,0.06579167,0.040432269,0.0241,0.0255,0.041817403
1988-03-01,0.057,-0.0049444,0.06653669,0.041817403,0.0220,0.0267,-0.03334326
1988-04-01,0.054,-0.0037267,0.06594366,-0.03334326,0.0218,0.0281,0.009424744
1988-05-01,0.056,-0.0024938,0.05821580,0.009424744,0.0195,0.0283,0.003176126
1988-06-01,0.054,-0.0112500,0.05609212,0.003176126,0.0208,0.0246,0.043256011
1988-07-01,0.054,-0.0278129,0.04958726,0.043256011,0.0205,0.0233,-0.005411375
1988-08-01,0.056,-0.0078023,0.04569460,-0.005411375,0.0195,0.022,-0.038600104
1988-09-01,0.054,-0.0052425,0.04040910,-0.038600104,0.0192,0.0174,0.039729334
1988-10-01,0.054,-0.0171278,0.03084075,0.039729334,0.0161,0.0145,0.025964462
1988-11-01,0.053,0.0053619,0.02716149,0.025964462,0.0152,0.012,-0.018890881
1988-12-01,0.053,0.0240000,0.02714965,-0.018890881,0.0154,0.0104,0.014687573
1989-01-01,0.054,0.0481771,0.02968255,0.014687573,0.0156,0.0082,0.071114792
1989-02-01,0.052,0.0111801,0.02083731,0.071114792,0.0144,0.0064,-0.028944149
1989-03-01,0.050,0.0012285,0.02093169,-0.028944149,0.0131,0.0054,0.020805962
1989-04-01,0.052,0.0122699,0.01612545,0.020805962,0.0143,0.0053,0.050089939
1989-05-01,0.052,-0.0121212,0.01048951,0.050089939,0.0160,0.0043,0.035137493
1989-06-01,0.053,-0.0159509,0.00845291,0.035137493,0.0175,0.0013,-0.007924554
1989-07-01,0.052,-0.0062344,-0.00089082,-0.007924554,0.0185,0.0014,0.088370259
1989-08-01,0.052,-0.0100376,0.00381394,0.088370259,0.0177,0.0021,0.015516716
1989-09-01,0.053,0.0050697,0.00298407,0.015516716,0.0172,0.0044,-0.006544367
1989-10-01,0.053,0.0340479,-0.00262745,-0.006544367,0.0180,0.0037,-0.025175452
1989-11-01,0.054,0.0231707,-0.00093719,-0.025175452,0.0194,0.0018,0.016541325
1989-12-01,0.054,0.0572110,0.00042297,0.016541325,0.0198,0.0021,0.021416816
1990-01-01,0.054,0.2750846,-0.00932765,0.021416816,0.0173,0.0057,-0.068817225
1990-02-01,0.053,-0.1564987,0.00512774,-0.068817225,0.0167,0.0073,0.008539043
1990-03-01,0.052,-0.0408805,0.00766282,0.008539043,0.0162,0.0069,0.024254984
1990-04-01,0.054,-0.0207650,0.00521932,0.024254984,0.0151,0.0102,-0.026887139
1990-05-01,0.054,-0.0178571,0.01433425,-0.026887139,0.0165,0.0102,0.09198919
1990-06-01,0.052,-0.0352273,0.01708146,0.09198919,0.0174,0.0075,-0.008886366
1990-07-01,0.055,-0.0259128,0.02480579,-0.008886366,0.0173,0.0085,-0.005223158
1990-08-01,0.057,0.1100363,0.01880664,-0.005223158,0.0166,0.013,-0.094314184
1990-09-01,0.059,0.1372549,0.02370236,-0.094314184,0.0175,0.0153,-0.051184307
1990-10-01,0.059,0.1350575,0.01690503,-0.051184307,0.0202,0.0155,-0.006698213
1990-11-01,0.062,-0.0126582,0.00179014,-0.006698213,0.0223,0.0133,0.059934214
1990-12-01,0.063,-0.0247863,-0.01084679,0.059934214,0.0235,0.0134,0.024827757
1991-01-01,0.064,-0.0254163,-0.00850380,0.024827757,0.0236,0.0187,0.041517752
1991-02-01,0.066,-0.0494604,-0.02529231,0.041517752,0.0222,0.0191,0.067281175
1991-03-01,0.068,-0.0605487,-0.03543520,0.067281175,0.0198,0.022,0.022202833
1991-04-01,0.067,-0.0493454,-0.03171968,0.022202833,0.0190,0.0239,0.000319799
1991-05-01,0.069,-0.0370763,-0.02397723,0.000319799,0.0179,0.0261,0.038604975
1991-06-01,0.069,-0.0176018,-0.01815427,0.038604975,0.0168,0.0271,-0.047892629
1991-07-01,0.068,-0.0167973,-0.01590636,-0.047892629,0.0162,0.0269,0.044859343
1991-08-01,0.069,0.0000000,-0.01813936,0.044859343,0.0175,0.0257,0.019648784
1991-09-01,0.069,0.0125285,-0.01072462,0.019648784,0.0186,0.0243,-0.019143738
1991-10-01,0.070,0.0224972,-0.00480739,-0.019143738,0.0196,0.0254,0.011834237
1991-11-01,0.070,0.0429043,0.00582526,0.011834237,0.0203,0.0286,-0.043903709
1991-12-01,0.073,-0.0010549,0.00840990,-0.043903709,0.0217,0.0302,0.111587855
1992-01-01,0.073,-0.0285111,0.00724310,0.111587855,0.0210,0.0323,-0.01992375
1992-02-01,0.074,-0.0054348,0.02114174,-0.01992375,0.0189,0.035,0.009589542
1992-03-01,0.074,-0.0109290,0.03480107,0.009589542,0.0171,0.035,-0.021831863
1992-04-01,0.074,-0.0066298,0.04025354,-0.021831863,0.0173,0.0373,0.027892715
1992-05-01,0.076,-0.0011123,0.03360662,0.027892715,0.0174,0.0376,0.000963957
1992-06-01,0.078,0.0033408,0.02470334,0.000963957,0.0179,0.036,-0.017358832
1992-07-01,0.077,-0.0011099,0.03260513,-0.017358832,0.0200,0.0363,0.039373684
1992-08-01,0.076,-0.0033333,0.02689187,0.039373684,0.0206,0.0346,-0.02399753
1992-09-01,0.076,0.0000000,0.02041755,-0.02399753,0.0220,0.0351,0.009105594
1992-10-01,0.073,0.0189521,0.02956279,0.009105594,0.0225,0.0373,0.002106283
1992-11-01,0.074,0.0076586,0.03502385,0.002106283,0.0209,0.0374,0.030261807
1992-12-01,0.074,-0.0032573,0.03979132,0.030261807,0.0204,0.0355,0.010107766
1993-01-01,0.073,0.0054466,0.04970608,0.010107766,0.0207,0.036,0.007045989
1993-02-01,0.071,0.0021668,0.04700404,0.007045989,0.0213,0.0333,0.010483627
1993-03-01,0.070,0.0032432,0.03732640,0.010483627,0.0217,0.0303,0.018697298
1993-04-01,0.071,-0.0021552,0.03324472,0.018697298,0.0217,0.031,-0.02541681
1993-05-01,0.071,-0.0140389,0.02647351,-0.02541681,0.0217,0.0308,0.022717463
1993-06-01,0.070,-0.0098576,0.02801051,0.022717463,0.0211,0.0289,0.00075523
1993-07-01,0.069,-0.0143805,0.02213809,0.00075523,0.0212,0.0277,-0.005327046
1993-08-01,0.068,-0.0145903,0.02599512,-0.005327046,0.0192,0.0266,0.034431957
1993-09-01,0.067,0.0011390,0.02843395,0.034431957,0.0198,0.0241,-0.00998793
1993-10-01,0.068,0.0136519,0.02859302,-0.00998793,0.0198,0.0231,0.019392923
1993-11-01,0.066,0.0033670,0.02852971,0.019392923,0.0194,0.0262,-0.012910626
1993-12-01,0.065,-0.0123043,0.03302108,-0.012910626,0.0192,0.0271,0.010091173
1994-01-01,0.066,0.0067950,0.03244618,0.010091173,0.0190,0.0277,0.032500745
1994-02-01,0.066,0.0528684,0.02838059,0.032500745,0.0179,0.0272,-0.030044996
1994-03-01,0.065,-0.0117521,0.03978878,-0.030044996,0.0165,0.0298,-0.045746511
1994-04-01,0.064,-0.0248649,0.04200104,-0.045746511,0.0155,0.0329,0.011530644
1994-05-01,0.061,-0.0166297,0.05054569,0.011530644,0.0144,0.0304,0.012397143
1994-06-01,0.061,-0.0112740,0.05523158,0.012397143,0.0155,0.0296,-0.026790824
1994-07-01,0.061,-0.0068415,0.05369849,-0.026790824,0.0150,0.0297,0.031489908
1994-08-01,0.060,-0.0034443,0.06068220,0.031489908,0.0150,0.0276,0.037598699
1994-09-01,0.059,0.0000000,0.05971207,0.037598699,0.0152,0.0284,-0.026877535
1994-10-01,0.058,0.0023041,0.06049552,-0.026877535,0.0146,0.0279,0.020833816
1994-11-01,0.056,0.0080460,0.06249794,0.020833816,0.0136,0.0267,-0.039504613
1994-12-01,0.055,0.0079818,0.06749624,-0.039504613,0.0129,0.0221,0.012299118
1995-01-01,0.056,0.0113122,0.06553451,0.012299118,0.0130,0.0207,0.024277711
1995-02-01,0.054,0.0022371,0.06378876,0.024277711,0.0138,0.017,0.03607415
1995-03-01,0.054,-0.0066964,0.05505685,0.03607415,0.0150,0.0147,0.027329193
1995-04-01,0.058,-0.0067416,0.04872508,0.027329193,0.0154,0.0141,0.027960359
1995-05-01,0.056,-0.0011312,0.04703517,0.027960359,0.0157,0.0096,0.036311712
1995-06-01,0.056,-0.0045300,0.04406000,0.036311712,0.0173,0.007,0.021278544
1995-07-01,0.057,-0.0091013,0.03855483,0.021278544,0.0176,0.0086,0.03177604
1995-08-01,0.057,-0.0057405,0.04516779,0.03177604,0.0170,0.0109,-0.000320238
1995-09-01,0.056,0.0000000,0.04536608,-0.000320238,0.0173,0.0092,0.040097472
1995-10-01,0.055,0.0034642,0.03568610,0.040097472,0.0171,0.0076,-0.004979335
1995-11-01,0.056,0.0092060,0.03193343,-0.004979335,0.0175,0.0057,0.041049003
1995-12-01,0.056,0.0216648,0.02543177,0.041049003,0.0178,0.0057,0.017443874
1996-01-01,0.056,0.0892857,0.01709690,0.017443874,0.0182,0.0065,0.032617387
1996-02-01,0.055,0.0010246,0.03395598,0.032617387,0.0182,0.0098,0.006933702
1996-03-01,0.055,0.0163767,0.03157027,0.006933702,0.0176,0.0131,0.007916567
1996-04-01,0.056,0.0281974,0.04137958,0.007916567,0.0168,0.0156,0.013431422
1996-05-01,0.056,-0.0244858,0.04527252,0.013431422,0.0156,0.0172,0.022853406
1996-06-01,0.053,-0.0502008,0.05027354,0.022853406,0.0149,0.0182,0.00225671
1996-07-01,0.055,-0.0243129,0.05291681,0.00225671,0.0148,0.0172,-0.045748017
1996-08-01,0.051,-0.0010834,0.04610643,-0.045748017,0.0154,0.0159,0.018813935
1996-09-01,0.052,0.0368764,0.04898108,0.018813935,0.0152,0.0174,0.054203328
1996-10-01,0.052,0.0763598,0.04967488,0.054203328,0.0154,0.0154,0.026101003
1996-11-01,0.054,0.0291545,0.05594718,0.026101003,0.0159,0.0117,0.073376152
1996-12-01,0.054,0.0415486,0.05864615,0.073376152,0.0159,0.0139,-0.021505415
1997-01-01,0.053,0.0108794,0.06656645,-0.021505415,0.0151,0.0155,0.061317039
1997-02-01,0.052,-0.0170404,0.06307985,0.061317039,0.0152,0.0141,0.00592759
1997-03-01,0.052,-0.0374088,0.07101178,0.00592759,0.0149,0.0155,-0.04261401
1997-04-01,0.051,-0.0322275,0.06213478,-0.04261401,0.0145,0.0173,0.058405579
1997-05-01,0.049,-0.0166503,0.06065082,0.058405579,0.0149,0.0166,0.058576884
1997-06-01,0.050,-0.0239044,0.05709296,0.058576884,0.0153,0.0156,0.043452616
1997-07-01,0.049,-0.0336735,0.06591158,0.043452616,0.0153,0.0117,0.07814581
1997-08-01,0.048,-0.0126716,0.07058051,0.07814581,0.0152,0.0116,-0.057465632
1997-09-01,0.049,0.0021390,0.07259230,-0.057465632,0.0149,0.0126,0.05315359
1997-10-01,0.047,0.0170758,0.08178882,0.05315359,0.0154,0.0106,-0.034477697
1997-11-01,0.046,0.0136411,0.08179739,-0.034477697,0.0154,0.0074,0.044586855
1997-12-01,0.047,0.0062112,0.07828257,0.044586855,0.0151,0.0065,0.015731598
1998-01-01,0.046,-0.0082305,0.08212099,0.015731598,0.0165,0.005,0.010150177
1998-02-01,0.046,-0.0124481,0.07134575,0.010150177,0.0168,0.0048,0.070449193
1998-03-01,0.047,-0.0084034,0.06520926,0.070449193,0.0167,0.0062,0.049945714
1998-04-01,0.043,-0.0169492,0.06855563,0.049945714,0.0169,0.0069,0.009076469
1998-05-01,0.044,-0.0107759,0.06917322,0.009076469,0.0165,0.0065,-0.018826224
1998-06-01,0.045,-0.0250545,0.05800898,-0.018826224,0.0163,0.0052,0.039438241
1998-07-01,0.045,-0.0189944,0.04705172,0.039438241,0.0169,0.005,-0.011615327
1998-08-01,0.045,-0.0125285,0.05698759,-0.011615327,0.0180,0.0044,-0.145796719
1998-09-01,0.046,-0.0092272,0.04619513,-0.145796719,0.0228,0.002,0.062395516
1998-10-01,0.045,0.0058207,0.04556509,0.062395516,0.0265,0.0057,0.080294228
1998-11-01,0.044,0.0046296,0.03618500,0.080294228,0.0251,0.0042,0.059125996
1998-12-01,0.044,-0.0080645,0.03682177,0.059125996,0.0258,0.0026,0.056375287
1999-01-01,0.043,0.0058072,0.03632787,0.056375287,0.0257,0.0038,0.041009442
1999-02-01,0.044,-0.0046189,0.04032263,0.041009442,0.0239,0.0056,-0.032282563
1999-03-01,0.042,0.0000000,0.04119585,-0.032282563,0.0230,0.0079,0.038794215
1999-04-01,0.043,0.0174014,0.04041863,0.038794215,0.0230,0.0089,0.037944028
1999-05-01,0.042,0.0000000,0.04084827,0.037944028,0.0218,0.0104,-0.024970481
1999-06-01,0.043,-0.0045610,0.04550381,-0.024970481,0.0212,0.0133,0.054438331
1999-07-01,0.043,0.0022910,0.05527499,0.054438331,0.0216,0.0124,-0.032046092
1999-08-01,0.042,0.0194286,0.03917554,-0.032046092,0.0221,0.0122,-0.006254092
1999-09-01,0.042,0.0526906,0.03689997,-0.006254092,0.0228,0.0124,-0.028551792
1999-10-01,0.041,0.0394036,0.04204473,-0.028551792,0.0227,0.0125,0.062539542
1999-11-01,0.041,0.0317623,0.04746047,0.062539542,0.0212,0.0096,0.019061859
1999-12-01,0.040,0.0556107,0.05139308,0.019061859,0.0191,0.0108,0.057843895
2000-01-01,0.040,0.0761994,0.04684789,0.057843895,0.0167,0.0134,-0.050903549
2000-02-01,0.041,0.2867133,0.04447193,-0.050903549,0.0177,0.0097,-0.020108083
2000-03-01,0.040,-0.1161685,0.04666310,-0.020108083,0.0211,0.0057,0.096719828
2000-04-01,0.038,-0.0491929,0.05114791,0.096719828,0.0241,0.0033,-0.030795756
2000-05-01,0.040,-0.0169766,0.04591591,-0.030795756,0.0246,0.0065,-0.021915051
2000-06-01,0.040,-0.0057566,0.04855465,-0.021915051,0.0238,0.0041,0.02393355
2000-07-01,0.040,-0.0008271,0.04079554,0.02393355,0.0230,0.0009,-0.016341276
2000-08-01,0.041,0.0000000,0.03360270,-0.016341276,0.0243,-0.0026,0.060699105
2000-09-01,0.039,0.1067881,0.04164779,0.060699105,0.0255,-0.002,-0.053482975
2000-10-01,0.039,0.0291698,0.02547764,-0.053482975,0.0260,-0.0037,-0.004949486
2000-11-01,0.039,0.0196221,0.02088186,-0.004949486,0.0256,-0.0045,-0.08006861
2000-12-01,0.039,0.0327869,0.01063198,-0.08006861,0.0278,-0.0053,0.004053446
2001-01-01,0.042,0.0289855,0.00401120,0.004053446,0.0277,1E-04,0.034636577
2001-02-01,0.042,-0.0301811,-0.00485542,0.034636577,0.0277,0.0022,-0.092290736
2001-03-01,0.043,-0.0449516,-0.01132318,-0.092290736,0.0295,0.0047,-0.064204711
2001-04-01,0.044,-0.0267922,-0.02152121,-0.064204711,0.0293,0.0127,0.076814362
2001-05-01,0.043,-0.0186012,-0.02925954,0.076814362,0.0268,0.0177,0.005090187
2001-06-01,0.045,-0.0174375,-0.03621105,0.005090187,0.0269,0.0179,-0.025035389
2001-07-01,0.046,-0.0447531,-0.04043495,-0.025035389,0.0273,0.0173,-0.01074015
2001-08-01,0.049,-0.0137318,-0.03885258,-0.01074015,0.0288,0.0161,-0.064108407
2001-09-01,0.050,0.0262080,-0.04652668,-0.064108407,0.0330,0.0209,-0.081723406
2001-10-01,0.053,-0.0303272,-0.04786347,-0.081723406,0.0334,0.0241,0.018099111
2001-11-01,0.055,-0.0263374,-0.05305678,0.018099111,0.0316,0.0278,0.075175904
2001-12-01,0.057,-0.0473373,-0.05006407,0.075175904,0.0296,0.034,0.007573834
2002-01-01,0.057,0.0017746,-0.03730374,0.007573834,0.0283,0.0339,-0.015573833
2002-02-01,0.057,-0.0053144,-0.03140786,-0.015573833,0.0298,0.0319,-0.020766211
2002-03-01,0.057,0.0044524,-0.02074279,-0.020766211,0.0283,0.0349,0.036738894
2002-04-01,0.059,0.0203901,-0.01373877,0.036738894,0.0282,0.035,-0.061417626
2002-05-01,0.058,-0.0060817,-0.00342301,-0.061417626,0.0293,0.0343,-0.009081481
2002-06-01,0.058,-0.0148601,0.01204222,-0.009081481,0.0302,0.0323,-0.072455354
2002-07-01,0.058,-0.0097604,0.01533121,-0.072455354,0.0325,0.0297,-0.079004275
2002-08-01,0.057,0.0044803,0.01667968,-0.079004275,0.0332,0.0264,0.004881433
2002-09-01,0.057,0.0276539,0.02193118,0.004881433,0.0353,0.0224,-0.110024318
2002-10-01,0.057,0.0355903,0.02327578,-0.110024318,0.0379,0.0236,0.086448801
2002-11-01,0.059,0.0209556,0.03340378,0.086448801,0.0357,0.0282,0.057069621
2002-12-01,0.060,0.0311987,0.02825312,0.057069621,0.0342,0.0284,-0.060332573
2003-01-01,0.058,0.0875796,0.02773085,-0.060332573,0.0330,0.0288,-0.027414693
2003-02-01,0.059,0.1442167,0.03110987,-0.027414693,0.0316,0.0273,-0.017003609
2003-03-01,0.059,0.0812540,0.02084628,-0.017003609,0.0314,0.0268,0.008357569
2003-04-01,0.060,-0.1248521,0.00971599,0.008357569,0.0289,0.0283,0.081044107
2003-05-01,0.061,-0.0736984,0.00574579,0.081044107,0.0281,0.025,0.05089871
2003-06-01,0.063,-0.0350365,-0.00209850,0.05089871,0.0286,0.0241,0.011322215
2003-07-01,0.062,-0.0128593,0.00459853,0.011322215,0.0264,0.0308,0.016223702
2003-08-01,0.061,0.0015326,0.00309730,0.016223702,0.0256,0.035,0.017873203
2003-09-01,0.061,-0.0015302,0.00757410,0.017873203,0.0252,0.0333,-0.011944365
2003-10-01,0.060,0.0068966,0.01205314,-0.011944365,0.0244,0.0337,0.054961486
2003-11-01,0.058,0.0258752,0.01462233,0.054961486,0.0236,0.0337,0.007128504
2003-12-01,0.057,0.0163205,0.01866188,0.007128504,0.0233,0.0337,0.050765541
2004-01-01,0.057,0.0941606,0.01548976,0.050765541,0.0229,0.0327,0.017276387
2004-02-01,0.056,0.0346898,0.01826586,0.017276387,0.0219,0.0315,0.012208973
2004-03-01,0.058,-0.0167634,0.01557446,0.012208973,0.0228,0.0289,-0.016358919
2004-04-01,0.056,-0.0190164,0.02705923,-0.016358919,0.0211,0.0341,-0.016790752
2004-05-01,0.056,0.0053476,0.03478008,-0.016790752,0.0203,0.037,0.01208345
2004-06-01,0.056,0.0019947,0.02488865,0.01208345,0.0205,0.0346,0.017988999
2004-07-01,0.055,0.0026543,0.02821302,0.017988999,0.0212,0.0317,-0.034290519
2004-08-01,0.054,0.0416942,0.03048251,-0.034290519,0.0218,0.028,0.00228735
2004-09-01,0.054,0.0266836,0.02545007,0.00228735,0.0214,0.0248,0.009363876
2004-10-01,0.055,0.0971535,0.03341928,0.009363876,0.0211,0.0234,0.014014244
2004-11-01,0.054,0.0524535,0.02787605,0.014014244,0.0201,0.0212,0.038594936
2004-12-01,0.054,-0.0155413,0.03588231,0.038594936,0.0192,0.0204,0.032458213
2005-01-01,0.053,-0.0136091,0.03795265,0.032458213,0.0180,0.0189,-0.025290467
2005-02-01,0.054,0.0402870,0.03870331,-0.025290467,0.0165,0.0163,0.018903346
2005-03-01,0.052,0.0371353,0.04225654,0.018903346,0.0156,0.0176,-0.019117656
2005-04-01,0.052,0.0204604,0.03926913,-0.019117656,0.0171,0.0156,-0.020108582
2005-05-01,0.051,-0.0280702,0.03267564,-0.020108582,0.0187,0.013,0.029952046
2005-06-01,0.050,0.0056730,0.04478828,0.029952046,0.0186,0.0103,-0.000142714
2005-07-01,0.050,0.0405128,0.03404005,-0.000142714,0.0177,0.0096,0.035968287
2005-08-01,0.049,0.0340069,0.03600384,0.035968287,0.0170,0.0082,-0.011222105
2005-09-01,0.050,0.1244042,0.01632400,-0.011222105,0.0183,0.0078,0.006949025
2005-10-01,0.050,0.0220432,0.01939580,0.006949025,0.0184,0.0075,-0.01774078
2005-11-01,0.050,-0.0398175,0.02735725,-0.01774078,0.0185,0.0066,0.035186096
2005-12-01,0.049,-0.0159827,0.02627084,0.035186096,0.0185,0.0058,-0.000952349
2006-01-01,0.047,0.0074627,0.02275058,-0.000952349,0.0182,0.0018,0.025466771
2006-02-01,0.048,0.0043573,0.01616842,0.025466771,0.0170,0.0014,0.000453158
2006-03-01,0.047,-0.0004338,0.01952903,0.000453158,0.0169,0.0021,0.01109581
2006-04-01,0.047,0.0260417,0.02207992,0.01109581,0.0169,0.0039,0.012155653
2006-05-01,0.046,0.0143824,0.01971561,0.012155653,0.0164,0.0039,-0.030916916
2006-06-01,0.046,-0.0029191,0.01971559,-0.030916916,0.0167,0.0032,8.65962E-05
2006-07-01,0.047,0.0117106,0.02245705,8.65962E-05,0.0167,0.0014,0.005085879
2006-08-01,0.047,0.0140554,0.02359064,0.005085879,0.0171,-0.0008,0.021274193
2006-09-01,0.045,-0.0334285,0.04034457,0.021274193,0.0171,-0.0009,0.024566299
2006-10-01,0.044,-0.0388022,0.02728095,0.024566299,0.0169,-0.0019,0.031508003
2006-11-01,0.045,-0.0030715,0.01607296,0.031508003,0.0160,-0.0034,0.016466657
2006-12-01,0.044,0.0264085,0.02039764,0.016466657,0.0166,-0.0029,0.012615783
2007-01-01,0.046,-0.0225986,0.01402886,0.012615783,0.0158,-0.0022,0.014059043
2007-02-01,0.045,0.0169789,0.02412584,0.014059043,0.0156,-0.0031,-0.021846176
2007-03-01,0.044,0.0218421,0.02418813,-0.021846176,0.0171,-0.0038,0.009979983
2007-04-01,0.045,0.0136239,0.02732056,0.009979983,0.0170,-0.0018,0.043290691
2007-05-01,0.044,0.0057603,0.02874030,0.043290691,0.0164,0.0002,0.032549229
2007-06-01,0.046,0.0004804,0.02510330,0.032549229,0.0160,0.0049,-0.017816322
2007-07-01,0.047,0.0169337,0.02503581,-0.017816322,0.0165,0.0018,-0.031981878
2007-08-01,0.046,0.0035086,0.02325700,-0.031981878,0.0198,0.0047,0.012863572
2007-09-01,0.047,0.0244908,0.02923444,0.012863572,0.0207,0.0063,0.035794008
2007-10-01,0.047,0.0362855,0.02564580,0.035794008,0.0195,0.0063,0.014822338
2007-11-01,0.047,0.1149974,0.03232879,0.014822338,0.0225,0.0088,-0.044043417
2007-12-01,0.050,0.0255307,0.02233523,-0.044043417,0.0255,0.011,-0.008628509
2008-01-01,0.050,0.0255299,0.02487548,-0.008628509,0.0280,0.0099,-0.061163432
2008-02-01,0.049,0.0043397,0.01123042,-0.061163432,0.0308,0.0162,-0.034761193
2008-03-01,0.051,0.0774324,0.00681791,-0.034761193,0.0338,0.0225,-0.005959624
2008-04-01,0.050,0.0321311,-0.00796547,-0.005959624,0.0329,0.0239,0.047546698
2008-05-01,0.054,0.0614362,-0.01403406,0.047546698,0.0305,0.0215,0.010674182
2008-06-01,0.056,0.0702197,-0.01669060,0.010674182,0.0297,0.0224,-0.085962385
2008-07-01,0.058,0.0161341,-0.02154466,-0.085962385,0.0315,0.0238,-0.009859371
2008-08-01,0.061,-0.0705372,-0.03911535,-0.009859371,0.0326,0.0217,0.012190465
2008-09-01,0.061,-0.0506534,-0.08733002,0.012190465,0.0362,0.0256,-0.090791434
2008-10-01,0.065,-0.0873429,-0.07361996,-0.090791434,0.0507,0.0314,-0.169424524
2008-11-01,0.068,-0.1154748,-0.09192553,-0.169424524,0.0568,0.0334,-0.074849043
2008-12-01,0.073,-0.0910352,-0.12201111,-0.074849043,0.0601,0.0239,0.007821577
2009-01-01,0.078,-0.0353071,-0.14343107,0.007821577,0.0562,0.0239,-0.085657343
2009-02-01,0.083,-0.0198209,-0.14657095,-0.085657343,0.0521,0.0257,-0.109931198
2009-03-01,0.087,-0.0471676,-0.16010586,-0.109931198,0.0560,0.0261,0.085404462
2009-04-01,0.090,-0.0118265,-0.16054515,0.085404462,0.0546,0.0277,0.09392508
2009-05-01,0.094,-0.0129018,-0.16496937,0.09392508,0.0477,0.0311,0.053081446
2009-06-01,0.095,0.0331936,-0.16643096,0.053081446,0.0378,0.0354,0.000195827
2009-07-01,0.095,-0.0105142,-0.15018942,0.000195827,0.0353,0.0338,0.074141727
2009-08-01,0.096,0.0318386,-0.12344284,0.074141727,0.0299,0.0342,0.033560189
2009-09-01,0.098,-0.0038102,-0.07161403,0.033560189,0.0291,0.0328,0.035723346
2009-10-01,0.100,0.0309362,-0.07793343,0.035723346,0.0290,0.0332,-0.019762001
2009-11-01,0.099,0.0668782,-0.06121541,-0.019762001,0.0292,0.0335,0.057364062
2009-12-01,0.099,0.0092181,-0.02861732,0.057364062,0.0278,0.0354,0.017770571
2010-01-01,0.098,0.0692978,0.00713342,0.017770571,0.0252,0.0367,-0.036974246
2010-02-01,0.098,-0.0126972,0.01720892,-0.036974246,0.0265,0.0358,0.028513689
2010-03-01,0.099,-0.0045333,0.03966958,0.028513689,0.0254,0.0358,0.058796426
2010-04-01,0.099,0.0074377,0.05147562,0.058796426,0.0240,0.0369,0.01475923
2010-05-01,0.096,-0.0196850,0.07588394,0.01475923,0.0263,0.0326,-0.081975842
2010-06-01,0.094,-0.0259899,0.08117344,-0.081975842,0.0303,0.0308,-0.053882442
2010-07-01,0.094,-0.0160590,0.07448846,-0.053882442,0.0300,0.0285,0.06877785
2010-08-01,0.095,0.0074218,0.06646318,0.06877785,0.0296,0.0254,-0.047449184
2010-09-01,0.095,0.0099394,0.06111143,-0.047449184,0.0301,0.025,0.087551103
2010-10-01,0.094,0.0404007,0.05521429,0.087551103,0.0318,0.0241,0.036855994
2010-11-01,0.098,0.0354944,0.05161665,0.036855994,0.0316,0.0262,-0.00229025
2010-12-01,0.093,0.0407519,0.05801307,-0.00229025,0.0281,0.0315,0.06530004
2011-01-01,0.091,0.0539967,0.04532673,0.06530004,0.0270,0.0324,0.022645574
2011-02-01,0.090,0.0407124,0.03741224,0.022645574,0.0257,0.0345,0.031956564
2011-03-01,0.090,0.0457759,0.04077984,0.031956564,0.0262,0.0331,-0.001047313
2011-04-01,0.091,0.0198108,0.03355816,-0.001047313,0.0256,0.034,0.02849538
2011-05-01,0.090,-0.0047468,0.02136012,0.02849538,0.0261,0.0313,-0.013500953
2011-06-01,0.091,-0.0179451,0.02258489,-0.013500953,0.0275,0.0296,-0.018257461
2011-07-01,0.090,-0.0113887,0.02360362,-0.018257461,0.0276,0.0296,-0.021474426
2011-08-01,0.090,-0.0026685,0.02616140,-0.021474426,0.0306,0.0228,-0.056791107
2011-09-01,0.090,-0.0037501,0.02345840,-0.056791107,0.0329,0.0197,-0.071761988
2011-10-01,0.088,0.0012338,0.03303433,-0.071761988,0.0322,0.0213,0.107723039
2011-11-01,0.086,0.0229003,0.03201285,0.107723039,0.0313,0.02,-0.005058715
2011-12-01,0.085,-0.0067411,0.02809165,-0.005058715,0.0327,0.0197,0.008532764
2012-01-01,0.083,0.0121347,0.03513765,0.008532764,0.0326,0.0194,0.043583062
2012-02-01,0.083,0.0169392,0.04232668,0.043583062,0.0317,0.0188,0.040589464
2012-03-01,0.082,0.0175615,0.02754737,0.040589464,0.0306,0.0209,0.031332315
2012-04-01,0.082,-0.0125113,0.03861540,0.031332315,0.0314,0.0197,-0.007497453
2012-05-01,0.082,-0.0323504,0.03829714,-0.007497453,0.0327,0.0171,-0.062650726
2012-06-01,0.082,-0.0702003,0.03518424,-0.062650726,0.0340,0.0153,0.039554982
2012-07-01,0.082,-0.0141356,0.03255655,0.039554982,0.0334,0.0143,0.012597574
2012-08-01,0.081,0.0302324,0.02267066,0.012597574,0.0323,0.0158,0.01976337
2012-09-01,0.078,0.0265425,0.02310090,0.01976337,0.0312,0.0161,0.024236154
2012-10-01,0.078,0.0112421,0.01840764,0.024236154,0.0283,0.0165,-0.01978941
2012-11-01,0.077,0.0029783,0.02391454,-0.01978941,0.0286,0.0156,0.002846717
2012-12-01,0.079,0.0015370,0.02160161,0.002846717,0.0291,0.0165,0.00706823
2013-01-01,0.080,0.0074317,0.01508880,0.00706823,0.0282,0.0184,0.050428097
2013-02-01,0.077,0.0236213,0.01772755,0.050428097,0.0287,0.0188,0.011060649
2013-03-01,0.075,-0.0129136,0.02646414,0.011060649,0.0289,0.0187,0.035987724
2013-04-01,0.076,-0.0326170,0.01763529,0.035987724,0.0283,0.017,0.018085768
2013-05-01,0.075,-0.0267900,0.01640980,0.018085768,0.0280,0.0189,0.020762812
2013-06-01,0.075,-0.0085757,0.01882069,0.020762812,0.0289,0.0225,-0.014999302
2013-07-01,0.073,0.0060813,0.01121738,-0.014999302,0.0274,0.0254,0.04946208
2013-08-01,0.072,0.0150068,0.02248914,0.04946208,0.0268,0.027,-0.031298019
2013-09-01,0.072,0.0156296,0.02747841,-0.031298019,0.0266,0.0279,0.029749523
2013-10-01,0.072,0.0010161,0.02392855,0.029749523,0.0269,0.0257,0.044595753
2013-11-01,0.069,0.0096276,0.02214149,0.044595753,0.0266,0.0265,0.028049472
2013-12-01,0.067,0.0330957,0.02202916,0.028049472,0.0248,0.0283,0.023562792
2014-01-01,0.066,0.0679345,0.01795285,0.023562792,0.0233,0.0282,-0.035582906
2014-02-01,0.067,0.0695197,0.02121838,-0.035582906,0.0239,0.0266,0.04311703
2014-03-01,0.067,-0.0721161,0.02684845,0.04311703,0.0234,0.0267,0.006932166
2014-04-01,0.062,-0.0541315,0.02952491,0.006932166,0.0219,0.0268,0.006200789
2014-05-01,0.063,-0.0201464,0.03196848,0.006200789,0.0220,0.0253,0.02103028
2014-06-01,0.061,-0.0201921,0.03337356,0.02103028,0.0220,0.0256,0.019058332
2014-07-01,0.062,-0.0001745,0.03976140,0.019058332,0.0219,0.0251,-0.015079831
2014-08-01,0.061,-0.0056676,0.03182366,-0.015079831,0.0227,0.0239,0.037655295
2014-09-01,0.059,-0.0096048,0.02987152,0.037655295,0.0227,0.0251,-0.015513837
2014-10-01,0.057,-0.0226388,0.03140604,-0.015513837,0.0239,0.0228,0.023201461
2014-11-01,0.058,-0.0203394,0.03628119,0.023201461,0.0246,0.0231,0.024533589
2014-12-01,0.056,-0.0492898,0.03175136,0.024533589,0.0253,0.0218,-0.004188588
2015-01-01,0.057,-0.0706681,0.03041621,-0.004188588,0.0257,0.0185,-0.031040806
2015-02-01,0.055,0.0072620,0.01739296,-0.031040806,0.0253,0.0196,0.054892511
2015-03-01,0.054,0.0318768,0.00473400,0.054892511,0.0250,0.0201,-0.017396107
2015-04-01,0.054,-0.0605710,-0.00173815,-0.017396107,0.0254,0.0192,0.00852082
2015-05-01,0.056,-0.0153263,-0.00946428,0.00852082,0.0269,0.0218,0.010491382
2015-06-01,0.053,-0.0212091,-0.01644533,0.010491382,0.0277,0.0234,-0.021011672
2015-07-01,0.052,-0.0307677,-0.01255085,-0.021011672,0.0288,0.0229,0.01974203
2015-08-01,0.051,-0.0497081,-0.01286111,0.01974203,0.0302,0.021,-0.062580818
2015-09-01,0.050,-0.0137638,-0.01969051,-0.062580818,0.0317,0.0215,-0.026442832
2015-10-01,0.050,0.0078739,-0.02350802,-0.026442832,0.0327,0.0205,0.082983118
2015-11-01,0.051,-0.0018871,-0.03754776,0.082983118,0.0320,0.0214,0.000504869
2015-12-01,0.050,-0.0395015,-0.04056257,0.000504869,0.0322,0.0201,-0.017530185
2016-01-01,0.049,-0.0332219,-0.02724614,-0.017530185,0.0336,0.0183,-0.050735322
2016-02-01,0.049,-0.0137590,-0.02961679,-0.050735322,0.0356,0.0147,-0.00412836
2016-03-01,0.050,-0.0016791,-0.03430767,-0.00412836,0.0324,0.016,0.065991115
2016-04-01,0.050,0.0011029,-0.02726671,0.065991115,0.0298,0.0158,0.002699398
2016-05-01,0.048,0.0251272,-0.02398537,0.002699398,0.0287,0.0154,0.015324602
2016-06-01,0.049,0.0196663,-0.01693804,0.015324602,0.0289,0.0137,0.000910921
2016-07-01,0.048,-0.0054936,-0.02035850,0.000910921,0.0272,0.012,0.035609801
2016-08-01,0.049,-0.0226965,-0.02004362,0.035609801,0.0268,0.0126,-0.001219243
2016-09-01,0.050,0.0199117,-0.01748283,-0.001219243,0.0268,0.0134,-0.001234451
2016-10-01,0.049,0.0382840,-0.01266930,-0.001234451,0.0262,0.0143,-0.019425679
2016-11-01,0.047,0.0044928,-0.00882869,-0.019425679,0.0257,0.0169,0.034174522
2016-12-01,0.047,0.0478403,0.00505323,0.034174522,0.0234,0.0198,0.018200762
2017-01-01,0.047,0.0373056,-0.00478766,0.018200762,0.0223,0.0192,0.017884358
2017-02-01,0.047,0.0070771,-0.00181418,0.017884358,0.0222,0.019,0.03719816
2017-03-01,0.044,-0.0100192,0.01157430,0.03719816,0.0220,0.0174,-0.000389197
2017-04-01,0.044,-0.0062754,0.01914664,-0.000389197,0.0227,0.015,0.009091209
2017-05-01,0.044,-0.0274807,0.02056443,0.009091209,0.0225,0.0141,0.011576251
2017-06-01,0.043,-0.0258765,0.01772759,0.011576251,0.0218,0.0121,0.004813775
2017-07-01,0.043,-0.0136858,0.01435746,0.004813775,0.0207,0.0125,0.019348826
2017-08-01,0.044,0.0201824,0.01101243,0.019348826,0.0210,0.012,0.000546433
2017-09-01,0.042,0.0579013,0.01214604,0.000546433,0.0210,0.0117,0.019302979
2017-10-01,0.041,0.0187591,0.02619814,0.019302979,0.0196,0.0129,0.022188135
2017-11-01,0.042,0.0430932,0.03346140,0.022188135,0.0192,0.0112,0.003720043
2017-12-01,0.041,0.0224710,0.02859934,0.003720043,0.0182,0.0108,0.034342557
2018-01-01,0.041,0.0734985,0.02786843,0.034342557,0.0168,0.0117,0.056178704
2018-02-01,0.041,-0.0122198,0.03613723,0.056178704,0.0165,0.0129,-0.038947372
2018-03-01,0.040,-0.0108195,0.03562223,-0.038947372,0.0180,0.0114,-0.026884499
2018-04-01,0.039,0.0044239,0.03735558,-0.026884499,0.0180,0.0111,0.002718775
2018-05-01,0.038,-0.0111254,0.02913406,0.002718775,0.0185,0.0112,0.021608342
2018-06-01,0.040,-0.0015238,0.03478603,0.021608342,0.0192,0.0101,0.004842436
2018-07-01,0.039,0.0012493,0.04042053,0.004842436,0.0190,0.0093,0.036021556
2018-08-01,0.038,0.0035116,0.05279872,0.036021556,0.0188,0.0086,0.030263211
2018-09-01,0.037,0.0181854,0.05432612,0.030263211,0.0188,0.0087,0.004294287
2018-10-01,0.038,0.0313575,0.04099429,0.004294287,0.0192,0.009,-0.069403356
2018-11-01,0.037,-0.0188722,0.03978881,-0.069403356,0.0210,0.0079,0.017859357
2018-12-01,0.039,-0.0590127,0.03874886,0.017859357,0.0230,0.0046,-0.091776895